entity:sample_id	aligned_reads	at_dropout	aux_info	bad_cycles	bait_set	category	crai_or_bai_path	cram_or_bam_path	data_type	dbsnp_ins_del_ratio	dbsnp_titv	filtered_indels	filtered_snps	gc_dropout	gc_nc_0_19	gc_nc_20_39	gc_nc_40_59	gc_nc_60_79	gc_nc_80_100	haplotypes_confidently_checked	haplotypes_confidently_matchin	haplotypes_with_genotypes	het_as_hom	hom_as_het	hom_as_other_hom	hs_at_dropout	hs_bait_design_efficiency	hs_bait_territory	hs_fold_80_base_penalty	hs_fold_enrichment	hs_gc_dropout	hs_genome_size	hs_het_snp_q	hs_het_snp_sensitivity	hs_hs_library_size	hs_hs_penalty_100x	hs_hs_penalty_10x	hs_hs_penalty_20x	hs_hs_penalty_30x	hs_hs_penalty_40x	hs_hs_penalty_50x	hs_max_target_coverage	hs_mean_bait_coverage	hs_mean_target_coverage	hs_median_target_coverage	hs_min_target_coverage	hs_near_bait_bases	hs_off_bait_bases	hs_on_bait_bases	hs_on_bait_vs_selected	hs_on_target_bases	hs_pct_exc_baseq	hs_pct_exc_dupe	hs_pct_exc_mapq	hs_pct_exc_off_target	hs_pct_exc_overlap	hs_pct_off_bait	hs_pct_pf_reads	hs_pct_pf_uq_reads	hs_pct_pf_uq_reads_aligned	hs_pct_selected_bases	hs_pct_target_bases_100x	hs_pct_target_bases_10x	hs_pct_target_bases_1x	hs_pct_target_bases_20x	hs_pct_target_bases_2x	hs_pct_target_bases_30x	hs_pct_target_bases_40x	hs_pct_target_bases_50x	hs_pct_usable_bases_on_bait	hs_pct_usable_bases_on_target	hs_pf_bases_aligned	hs_pf_reads	hs_pf_unique_reads	hs_pf_uq_bases_aligned	hs_pf_uq_reads_aligned	hs_target_territory	hs_total_reads	hs_zero_cvg_targets_pct	individual_alias	is_primary	LC-SET	library-1_estimated_library_size	library-1_name	library-1_percent_duplication	library-1_read_pair_duplicates	library-1_read_pair_optical_duplicates	library-1_read_pairs_examined	library-1_secondary_or_supplementary_rds	library-1_unmapped_reads	library-1_unpaired_read_duplicates	library-1_unpaired_reads_examined	library-2_estimated_library_size	library-2_name	library-2_percent_duplication	library-2_read_pair_duplicates	library-2_read_pair_optical_duplicates	library-2_read_pairs_examined	library-2_secondary_or_supplementary_rds	library-2_unmapped_reads	library-2_unpaired_read_duplicates	library-2_unpaired_reads_examined	ll_expected_sample	ll_no_contam	ll_predicted_contam	ll_random_sample	lod_expected_sample	max_insert_size	mean_depth	mean_insert_size	mean_read_length	median_absolute_deviation	median_insert_size	min_insert_size	novel_indels	novel_ins_del_ratio	novel_snps	novel_titv	num_in_db_snp	num_in_db_snp_complex_indels	num_in_db_snp_indels	num_in_db_snp_multiallelic	num_reads	num_singletons	num_snps	pair_orientation	participant	pct_adapter	pct_chimerism	pct_contamination	pct_dbsnp	pct_dbsnp_indels	pct_pf_reads	pct_pf_reads_aligned	pct_reads_aligned_in_pairs	PDO	pf_aligned_bases	pf_hq_aligned_bases	pf_hq_aligned_q20_bases	pf_hq_aligned_reads	pf_hq_error_rate	pf_hq_median_mismatches	pf_indel_rate	pf_mismatch_rate	pf_noise_reads	pf_reads	pf_reads_aligned	quantFile	read_group	read_groups	read_pairs	reads_aligned_in_pairs	reference_sequence_name	release_date	research_project	rna_coding_bases	rna_correct_strand_reads	rna_ignored_reads	rna_incorrect_strand_reads	rna_intergenic_bases	rna_intronic_bases	rna_median_3prime_bias	rna_median_5prime_bias	rna_median_5prime_to_3prime_bias	rna_median_cv_coverage	rna_num_r1_transcript_strand_reads	rna_num_r2_transcript_strand_reads	rna_num_unexplained_reads	rna_pct_coding_bases	rna_pct_correct_strand_reads	rna_pct_intergenic_bases	rna_pct_intronic_bases	rna_pct_mrna_bases	rna_pct_r1_transcript_strand_reads	rna_pct_r2_transcript_strand_reads	rna_pct_ribosomal_bases	rna_pct_usable_bases	rna_pct_utr_bases	rna_pf_aligned_bases	rna_pf_bases	rna_ribosomal_bases	rna_utr_bases	root_sample_id	sample_alias	sample_type	sequencing_project	snp_reference_bias	standard_deviation	strand_balance	total_clusters	total_complex_indels	total_indels	total_multiallelic_snps	total_reads	total_snps	wgs_genome_territory	wgs_het_snp_q	wgs_het_snp_sensitivity	wgs_mad_coverage	wgs_mean_coverage	wgs_median_coverage	wgs_pct_100x	wgs_pct_10x	wgs_pct_15x	wgs_pct_1x	wgs_pct_20x	wgs_pct_25x	wgs_pct_30x	wgs_pct_40x	wgs_pct_50x	wgs_pct_5x	wgs_pct_60x	wgs_pct_70x	wgs_pct_80x	wgs_pct_90x	wgs_pct_exc_baseq	wgs_pct_exc_capped	wgs_pct_exc_dupe	wgs_pct_exc_mapq	wgs_pct_exc_overlap	wgs_pct_exc_total	wgs_pct_exc_unpaired	wgs_sd_coverage	width_of_10_percent	width_of_20_percent	width_of_30_percent	width_of_40_percent	width_of_50_percent	width_of_60_percent	width_of_70_percent	width_of_80_percent	width_of_90_percent	width_of_99_percent	window_size
RP-2586_MP-1-384_left-cx_v1_RNA_OnPrem	0	0	gs://fc-3effa716-6fbc-4071-a224-96c78e5129c7/31e9d9d6-17cd-4bf0-896a-7e936d1f4fee/quantify/20db8936-6a2d-4be1-8deb-c386555773cb/call-salmon_paired_reads/RP-2586_MP-1-384_left-cx_v1_RNA_OnPrem.aux_info.tar.gz	0	null	PAIR	gs://fc-a43638b9-02f2-484a-aac6-e4da893cc342/Minikel_MouseRNASeq_FEB22/RP-2586/RNA/MP-1-384_left-cx/v1/MP-1-384_left-cx.bai	gs://fc-a43638b9-02f2-484a-aac6-e4da893cc342/Minikel_MouseRNASeq_FEB22/RP-2586/RNA/MP-1-384_left-cx/v1/MP-1-384_left-cx.bam	RNA	0	0	0	0	0	0	0	0	0	0	0	0	0	0	0	0	0	0	0	0	0	0	0	0	0	null	0	0	0	0	0	0	0	0	0	0	0	0	0	0	0	0	0	0	0	0	0	0	0	0	0	0	0	0	0	0	0	0	0	0	0	0	0	0	0	0	0	0	0	0	MP-1	0	LCSET-22647	49585569	3532946630_Illumina_P5-Fezex_P7-Caton	0.33435	9287070	2700507	30655662	0	13978087	3330648	4203187	null	null	null	null	null	null	null	null	null	null	0	null	null	0	0	175652186	null	300.38456	101	95	271	1	0	0	0	0	0	0	0	0	null	0	null	FR	RP-2586_MP-1	0.000426	0.010369	null	0	0	1	0.824159	0.935843	PDO-26161	6437823142	5635936004	5535126853	57489383	0.003632	0	0.000156	0.003866	46	79492598	65514511	gs://fc-3effa716-6fbc-4071-a224-96c78e5129c7/31e9d9d6-17cd-4bf0-896a-7e936d1f4fee/quantify/20db8936-6a2d-4be1-8deb-c386555773cb/call-salmon_paired_reads/RP-2586_MP-1-384_left-cx_v1_RNA_OnPrem.quant.sf.gz	null	1	21083765	61311324	Mus_musculus_assembly9	2022/02/19	RP-2586	1640144976	42294353	0	205305	1674565235	417629423	0.310212	0.214314	0.743694	0.63554	84423	18847206	2492211	0.254767	0.995169	0.260114	0.064871	0.657126	0.004459	0.995541	0.01789	0.526913	0.402359	6437823142	8028752398	115170518	2590312990	SM-LO2MO	MP-1-384_left-cx	Unknown	null	0	161.13456	0.50013	0	0	0	0	79492598	0	0	0	0	0	0	0	0	0	0	0	0	0	0	0	0	0	0	0	0	0	0	0	0	0	0	0	0	0	37	73	111	149	191	237	285	365	709	24361	0
RP-2586_MP-18-312_left-cx_v1_RNA_OnPrem	0	0	gs://fc-3effa716-6fbc-4071-a224-96c78e5129c7/31e9d9d6-17cd-4bf0-896a-7e936d1f4fee/quantify/aa161b6e-92f8-4cfe-9f34-d330065fc1d5/call-salmon_paired_reads/RP-2586_MP-18-312_left-cx_v1_RNA_OnPrem.aux_info.tar.gz	0	null	PAIR	gs://fc-a43638b9-02f2-484a-aac6-e4da893cc342/Minikel_MouseRNASeq_FEB22/RP-2586/RNA/MP-18-312_left-cx/v1/MP-18-312_left-cx.bai	gs://fc-a43638b9-02f2-484a-aac6-e4da893cc342/Minikel_MouseRNASeq_FEB22/RP-2586/RNA/MP-18-312_left-cx/v1/MP-18-312_left-cx.bam	RNA	0	0	0	0	0	0	0	0	0	0	0	0	0	0	0	0	0	0	0	0	0	0	0	0	0	null	0	0	0	0	0	0	0	0	0	0	0	0	0	0	0	0	0	0	0	0	0	0	0	0	0	0	0	0	0	0	0	0	0	0	0	0	0	0	0	0	0	0	0	0	MP-18	0	LCSET-22647	40317419	3532946591_Illumina_P5-Henox_P7-Fotey	0.360707	9483919	2614247	28680605	0	13482064	3160126	3984826	null	null	null	null	null	null	null	null	null	null	0	null	null	0	0	168001080	null	291.81079	101	92	261	2	0	0	0	0	0	0	0	0	null	0	null	FR	RP-2586_MP-18	0.000633	0.011036	null	0	0	1	0.819826	0.935043	PDO-26161	6021589515	5156710602	5066707611	52697702	0.003659	0	0.000153	0.003867	42	74828100	61346036	gs://fc-3effa716-6fbc-4071-a224-96c78e5129c7/31e9d9d6-17cd-4bf0-896a-7e936d1f4fee/quantify/aa161b6e-92f8-4cfe-9f34-d330065fc1d5/call-salmon_paired_reads/RP-2586_MP-18-312_left-cx_v1_RNA_OnPrem.quant.sf.gz	null	1	18920700	57361210	Mus_musculus_assembly9	2022/02/19	RP-2586	1555783542	38920923	0	187472	1738907800	276348508	0.303428	0.220313	0.82509	0.629865	78285	17278402	2372157	0.258368	0.995206	0.288779	0.045893	0.645381	0.00451	0.99549	0.019947	0.514211	0.387013	6021589515	7557638100	120113449	2330436216	SM-LO2MW	MP-18-312_left-cx	Unknown	null	0	157.29567	0.49969	0	0	0	0	74828100	0	0	0	0	0	0	0	0	0	0	0	0	0	0	0	0	0	0	0	0	0	0	0	0	0	0	0	0	0	37	73	109	147	185	227	273	361	707	24757	0
RP-2586_MP-19-384_left-cx_v1_RNA_OnPrem	0	0	gs://fc-3effa716-6fbc-4071-a224-96c78e5129c7/31e9d9d6-17cd-4bf0-896a-7e936d1f4fee/quantify/9dc02518-484d-4065-bbf9-fd661263bc51/call-salmon_paired_reads/cacheCopy/RP-2586_MP-19-384_left-cx_v1_RNA_OnPrem.aux_info.tar.gz	0	null	PAIR	gs://fc-a43638b9-02f2-484a-aac6-e4da893cc342/Minikel_MouseRNASeq_FEB22/RP-2586/RNA/MP-19-384_left-cx/v1/MP-19-384_left-cx.bai	gs://fc-a43638b9-02f2-484a-aac6-e4da893cc342/Minikel_MouseRNASeq_FEB22/RP-2586/RNA/MP-19-384_left-cx/v1/MP-19-384_left-cx.bam	RNA	0	0	0	0	0	0	0	0	0	0	0	0	0	0	0	0	0	0	0	0	0	0	0	0	0	null	0	0	0	0	0	0	0	0	0	0	0	0	0	0	0	0	0	0	0	0	0	0	0	0	0	0	0	0	0	0	0	0	0	0	0	0	0	0	0	0	0	0	0	0	MP-19	0	LCSET-22647	37183550	3532946599_Illumina_P5-Pifaz_P7-Hihar	0.347831	8299429	2148852	25798018	0	10825453	2473879	3237387	null	null	null	null	null	null	null	null	null	null	0	null	null	0	0	179430149	null	294.1721	101	90	268	1	0	0	0	0	0	0	0	0	null	0	null	FR	RP-2586_MP-19	0.000657	0.010186	null	0	0	1	0.835126	0.94096	PDO-26161	5395810398	4640978526	4561004786	47293682	0.003491	0	0.000148	0.003718	37	65658876	54833423	gs://fc-3effa716-6fbc-4071-a224-96c78e5129c7/31e9d9d6-17cd-4bf0-896a-7e936d1f4fee/quantify/9dc02518-484d-4065-bbf9-fd661263bc51/call-salmon_paired_reads/cacheCopy/RP-2586_MP-19-384_left-cx_v1_RNA_OnPrem.quant.sf.gz	null	1	17258723	51596036	Mus_musculus_assembly9	2022/02/19	RP-2586	1296540891	34115045	0	168295	1552472400	284905877	0.34942	0.201665	0.646641	0.636819	69779	15272482	1915735	0.240287	0.995091	0.287718	0.052801	0.633028	0.004548	0.995452	0.026453	0.515068	0.392741	5395810398	6631546476	142732686	2119158544	SM-LO2MX	MP-19-384_left-cx	Unknown	null	0	151.80428	0.50001	0	0	0	0	65658876	0	0	0	0	0	0	0	0	0	0	0	0	0	0	0	0	0	0	0	0	0	0	0	0	0	0	0	0	0	35	69	105	141	181	225	271	343	647	21777	0
RP-2586_MP-2-384_left-cx_v2_RNA_OnPrem	0	0	gs://fc-3effa716-6fbc-4071-a224-96c78e5129c7/31e9d9d6-17cd-4bf0-896a-7e936d1f4fee/quantify/ab8d9d2d-475c-4dfa-a4d0-227d1696ddaf/call-salmon_paired_reads/cacheCopy/RP-2586_MP-2-384_left-cx_v2_RNA_OnPrem.aux_info.tar.gz	0	null	PAIR	gs://fc-a43638b9-02f2-484a-aac6-e4da893cc342/Minikel_MouseRNASeq_FEB22/RP-2586/RNA/MP-2-384_left-cx/v2/MP-2-384_left-cx.bai	gs://fc-a43638b9-02f2-484a-aac6-e4da893cc342/Minikel_MouseRNASeq_FEB22/RP-2586/RNA/MP-2-384_left-cx/v2/MP-2-384_left-cx.bam	RNA	0	0	0	0	0	0	0	0	0	0	0	0	0	0	0	0	0	0	0	0	0	0	0	0	0	null	0	0	0	0	0	0	0	0	0	0	0	0	0	0	0	0	0	0	0	0	0	0	0	0	0	0	0	0	0	0	0	0	0	0	0	0	0	0	0	0	0	0	0	0	MP-2	0	LCSET-22647,LCSET-22973	52755339	3532572262_Illumina_P5-Yalor_P7-Doyez	0.380824	13004261	5047780	36935006	0	16105787	3943775	4781289	40831144	3532946638_Illumina_P5-Zafec_P7-Defin	0.292319	5458660	1551036	20817750	0	9461620	2060882	2761920	0	null	null	0	0	180756177	null	284.97863	101	92	253	1	0	0	0	0	0	0	0	0	null	0	null	FR	RP-2586_MP-2	0.000335	0.010865	null	0	0	1	0.827963	0.938697	PDO-26161	12080962920	10633432218	10457150859	108552658	0.003638	0	0.000156	0.003866	78	148616128	123048721	gs://fc-3effa716-6fbc-4071-a224-96c78e5129c7/31e9d9d6-17cd-4bf0-896a-7e936d1f4fee/quantify/ab8d9d2d-475c-4dfa-a4d0-227d1696ddaf/call-salmon_paired_reads/cacheCopy/RP-2586_MP-2-384_left-cx_v2_RNA_OnPrem.quant.sf.gz	null	2	38721412	115505512	Mus_musculus_assembly9	2022/02/19	RP-2586	3071586911	81968089	0	378590	3002902088	659094504	0.333217	0.205036	0.672511	0.634513	156309	36747376	4602550	0.25425	0.995402	0.248565	0.054556	0.679414	0.004236	0.995764	0.017465	0.546825	0.425164	12080962920	15010228928	210991420	5136387997	SM-LO2MP	MP-2-384_left-cx	Unknown	null	0	158.30058	0.50007	0	0	0	0	148616128	0	0	0	0	0	0	0	0	0	0	0	0	0	0	0	0	0	0	0	0	0	0	0	0	0	0	0	0	0	37	73	109	145	185	225	267	351	689	21359	0
RP-2586_MP-20-384_left-cx_v1_RNA_OnPrem	0	0	gs://fc-3effa716-6fbc-4071-a224-96c78e5129c7/31e9d9d6-17cd-4bf0-896a-7e936d1f4fee/quantify/94db77ad-92ec-49b3-847d-116e84baa7be/call-salmon_paired_reads/cacheCopy/RP-2586_MP-20-384_left-cx_v1_RNA_OnPrem.aux_info.tar.gz	0	null	PAIR	gs://fc-a43638b9-02f2-484a-aac6-e4da893cc342/Minikel_MouseRNASeq_FEB22/RP-2586/RNA/MP-20-384_left-cx/v1/MP-20-384_left-cx.bai	gs://fc-a43638b9-02f2-484a-aac6-e4da893cc342/Minikel_MouseRNASeq_FEB22/RP-2586/RNA/MP-20-384_left-cx/v1/MP-20-384_left-cx.bam	RNA	0	0	0	0	0	0	0	0	0	0	0	0	0	0	0	0	0	0	0	0	0	0	0	0	0	null	0	0	0	0	0	0	0	0	0	0	0	0	0	0	0	0	0	0	0	0	0	0	0	0	0	0	0	0	0	0	0	0	0	0	0	0	0	0	0	0	0	0	0	0	MP-20	0	LCSET-22647	50765970	3532946607_Illumina_P5-Hikaz_P7-Keloj	0.327495	8707308	2825394	29391408	0	13213504	3144394	3993684	null	null	null	null	null	null	null	null	null	null	0	null	null	0	0	158483673	null	300.37518	101	97	271	1	0	0	0	0	0	0	0	0	null	0	null	FR	RP-2586_MP-20	0.000564	0.010489	null	0	0	1	0.826115	0.936382	PDO-26161	6168242731	5430538984	5339716601	55391200	0.003488	0	0.000155	0.003739	42	75990004	62776500	gs://fc-3effa716-6fbc-4071-a224-96c78e5129c7/31e9d9d6-17cd-4bf0-896a-7e936d1f4fee/quantify/94db77ad-92ec-49b3-847d-116e84baa7be/call-salmon_paired_reads/cacheCopy/RP-2586_MP-20-384_left-cx_v1_RNA_OnPrem.quant.sf.gz	null	1	20405819	58782816	Mus_musculus_assembly9	2022/02/19	RP-2586	1581588415	40897802	0	198300	1551881250	386166687	0.320484	0.239499	0.791013	0.626029	81807	18241720	2362504	0.256408	0.995175	0.251592	0.062606	0.663349	0.004465	0.995535	0.022454	0.533121	0.40694	6168242731	7674990404	138499290	2510107089	SM-LO2MY	MP-20-384_left-cx	Unknown	null	0	162.92607	0.5001	0	0	0	0	75990004	0	0	0	0	0	0	0	0	0	0	0	0	0	0	0	0	0	0	0	0	0	0	0	0	0	0	0	0	0	37	75	113	153	195	241	287	367	711	24709	0
RP-2586_MP-21-384_left-cx_v1_RNA_OnPrem	0	0	gs://fc-3effa716-6fbc-4071-a224-96c78e5129c7/31e9d9d6-17cd-4bf0-896a-7e936d1f4fee/quantify/20bd5e5f-1ab2-489e-b539-2400470d19ac/call-salmon_paired_reads/cacheCopy/RP-2586_MP-21-384_left-cx_v1_RNA_OnPrem.aux_info.tar.gz	0	null	PAIR	gs://fc-a43638b9-02f2-484a-aac6-e4da893cc342/Minikel_MouseRNASeq_FEB22/RP-2586/RNA/MP-21-384_left-cx/v1/MP-21-384_left-cx.bai	gs://fc-a43638b9-02f2-484a-aac6-e4da893cc342/Minikel_MouseRNASeq_FEB22/RP-2586/RNA/MP-21-384_left-cx/v1/MP-21-384_left-cx.bam	RNA	0	0	0	0	0	0	0	0	0	0	0	0	0	0	0	0	0	0	0	0	0	0	0	0	0	null	0	0	0	0	0	0	0	0	0	0	0	0	0	0	0	0	0	0	0	0	0	0	0	0	0	0	0	0	0	0	0	0	0	0	0	0	0	0	0	0	0	0	0	0	MP-21	0	LCSET-22647	56617563	3532946615_Illumina_P5-Docop_P7-Hikiw	0.346223	11167848	3542669	35704197	0	17400153	4137575	5054705	null	null	null	null	null	null	null	null	null	null	0	null	null	0	0	188870902	null	278.90219	101	88	249	1	0	0	0	0	0	0	0	0	null	0	null	FR	RP-2586_MP-21	0.000451	0.010893	null	0	0	1	0.814622	0.933894	PDO-26161	7487748533	6621081298	6498736248	67776758	0.003737	0	0.000155	0.003983	40	93863252	76463099	gs://fc-3effa716-6fbc-4071-a224-96c78e5129c7/31e9d9d6-17cd-4bf0-896a-7e936d1f4fee/quantify/20bd5e5f-1ab2-489e-b539-2400470d19ac/call-salmon_paired_reads/cacheCopy/RP-2586_MP-21-384_left-cx_v1_RNA_OnPrem.quant.sf.gz	null	1	24194285	71408394	Mus_musculus_assembly9	2022/02/19	RP-2586	2079784191	51191496	0	244538	1809242722	427899199	0.28707	0.283656	1.037554	0.618418	101774	22799081	2986104	0.277758	0.995246	0.241627	0.057147	0.682756	0.004444	0.995556	0.01847	0.539262	0.404998	7487748533	9480188452	138299016	3032523405	SM-LO2MZ	MP-21-384_left-cx	Unknown	null	0	150.55772	0.50006	0	0	0	0	93863252	0	0	0	0	0	0	0	0	0	0	0	0	0	0	0	0	0	0	0	0	0	0	0	0	0	0	0	0	0	35	69	105	141	177	215	257	343	671	24311	0
RP-2586_MP-22-312_left-cx_v1_RNA_OnPrem	0	0	gs://fc-3effa716-6fbc-4071-a224-96c78e5129c7/31e9d9d6-17cd-4bf0-896a-7e936d1f4fee/quantify/c737126e-66c8-4f52-b6c5-34fcb4bd6395/call-salmon_paired_reads/cacheCopy/RP-2586_MP-22-312_left-cx_v1_RNA_OnPrem.aux_info.tar.gz	0	null	PAIR	gs://fc-a43638b9-02f2-484a-aac6-e4da893cc342/Minikel_MouseRNASeq_FEB22/RP-2586/RNA/MP-22-312_left-cx/v1/MP-22-312_left-cx.bai	gs://fc-a43638b9-02f2-484a-aac6-e4da893cc342/Minikel_MouseRNASeq_FEB22/RP-2586/RNA/MP-22-312_left-cx/v1/MP-22-312_left-cx.bam	RNA	0	0	0	0	0	0	0	0	0	0	0	0	0	0	0	0	0	0	0	0	0	0	0	0	0	null	0	0	0	0	0	0	0	0	0	0	0	0	0	0	0	0	0	0	0	0	0	0	0	0	0	0	0	0	0	0	0	0	0	0	0	0	0	0	0	0	0	0	0	0	MP-22	0	LCSET-22647	53720348	3532946623_Illumina_P5-Kalex_P7-Hawix	0.340137	10484478	2971072	34124368	0	16592398	3858833	4744666	null	null	null	null	null	null	null	null	null	null	0	null	null	0	0	166568955	null	275.00599	101	86	244	1	0	0	0	0	0	0	0	0	null	0	null	FR	RP-2586_MP-22	0.000515	0.01107	null	0	0	1	0.814788	0.934999	PDO-26161	7149792666	6251089645	6147095726	63991777	0.003549	0	0.000154	0.003786	45	89585800	72993402	gs://fc-3effa716-6fbc-4071-a224-96c78e5129c7/31e9d9d6-17cd-4bf0-896a-7e936d1f4fee/quantify/c737126e-66c8-4f52-b6c5-34fcb4bd6395/call-salmon_paired_reads/cacheCopy/RP-2586_MP-22-312_left-cx_v1_RNA_OnPrem.quant.sf.gz	null	1	23305425	68248736	Mus_musculus_assembly9	2022/02/19	RP-2586	1952686529	48381438	0	224626	1837175726	352873330	0.289518	0.258263	0.99924	0.633764	93985	21558920	2807265	0.273111	0.995379	0.256955	0.049354	0.675417	0.004341	0.995659	0.018273	0.53371	0.402307	7149792666	9048165800	130648614	2876408467	SM-LO2N1	MP-22-312_left-cx	Unknown	null	0	149.67675	0.50005	0	0	0	0	89585800	0	0	0	0	0	0	0	0	0	0	0	0	0	0	0	0	0	0	0	0	0	0	0	0	0	0	0	0	0	35	69	103	137	173	211	251	337	671	23177	0
RP-2586_MP-23-312_left-cx_v1_RNA_OnPrem	0	0	gs://fc-3effa716-6fbc-4071-a224-96c78e5129c7/31e9d9d6-17cd-4bf0-896a-7e936d1f4fee/quantify/c654aa01-532b-48b6-a831-2163198ae5cf/call-salmon_paired_reads/cacheCopy/RP-2586_MP-23-312_left-cx_v1_RNA_OnPrem.aux_info.tar.gz	0	null	PAIR	gs://fc-a43638b9-02f2-484a-aac6-e4da893cc342/Minikel_MouseRNASeq_FEB22/RP-2586/RNA/MP-23-312_left-cx/v1/MP-23-312_left-cx.bai	gs://fc-a43638b9-02f2-484a-aac6-e4da893cc342/Minikel_MouseRNASeq_FEB22/RP-2586/RNA/MP-23-312_left-cx/v1/MP-23-312_left-cx.bam	RNA	0	0	0	0	0	0	0	0	0	0	0	0	0	0	0	0	0	0	0	0	0	0	0	0	0	null	0	0	0	0	0	0	0	0	0	0	0	0	0	0	0	0	0	0	0	0	0	0	0	0	0	0	0	0	0	0	0	0	0	0	0	0	0	0	0	0	0	0	0	0	MP-23	0	LCSET-22647	52572375	3532946631_Illumina_P5-Hilec_P7-Layet	0.354274	11423788	3318370	35482454	0	17083029	4049498	4956701	null	null	null	null	null	null	null	null	null	null	0	null	null	0	0	181495260	null	281.70393	101	91	252	1	0	0	0	0	0	0	0	0	null	0	null	FR	RP-2586_MP-23	0.00049	0.010866	null	0	0	1	0.816321	0.934713	PDO-26161	7442765851	6490023268	6375947966	66382704	0.003651	0	0.000154	0.003869	22	93004638	75921609	gs://fc-3effa716-6fbc-4071-a224-96c78e5129c7/31e9d9d6-17cd-4bf0-896a-7e936d1f4fee/quantify/c654aa01-532b-48b6-a831-2163198ae5cf/call-salmon_paired_reads/cacheCopy/RP-2586_MP-23-312_left-cx_v1_RNA_OnPrem.quant.sf.gz	null	1	23718363	70964908	Mus_musculus_assembly9	2022/02/19	RP-2586	2012564299	49740963	0	237119	1965229921	360397218	0.281236	0.275466	1.108572	0.625101	98815	22125781	2920275	0.270405	0.995256	0.264046	0.048422	0.667332	0.004446	0.995554	0.0202	0.52875	0.396926	7442765851	9393468438	150345922	2954228491	SM-LO2N2	MP-23-312_left-cx	Unknown	null	0	154.91926	0.49999	0	0	0	0	93004638	0	0	0	0	0	0	0	0	0	0	0	0	0	0	0	0	0	0	0	0	0	0	0	0	0	0	0	0	0	37	71	107	145	183	223	265	345	693	25015	0
RP-2586_MP-24-384_left-cx_v1_RNA_OnPrem	0	0	gs://fc-3effa716-6fbc-4071-a224-96c78e5129c7/31e9d9d6-17cd-4bf0-896a-7e936d1f4fee/quantify/4f5f9c73-a38d-4612-9670-2e8376bfb66e/call-salmon_paired_reads/cacheCopy/RP-2586_MP-24-384_left-cx_v1_RNA_OnPrem.aux_info.tar.gz	0	null	PAIR	gs://fc-a43638b9-02f2-484a-aac6-e4da893cc342/Minikel_MouseRNASeq_FEB22/RP-2586/RNA/MP-24-384_left-cx/v1/MP-24-384_left-cx.bai	gs://fc-a43638b9-02f2-484a-aac6-e4da893cc342/Minikel_MouseRNASeq_FEB22/RP-2586/RNA/MP-24-384_left-cx/v1/MP-24-384_left-cx.bam	RNA	0	0	0	0	0	0	0	0	0	0	0	0	0	0	0	0	0	0	0	0	0	0	0	0	0	null	0	0	0	0	0	0	0	0	0	0	0	0	0	0	0	0	0	0	0	0	0	0	0	0	0	0	0	0	0	0	0	0	0	0	0	0	0	0	0	0	0	0	0	0	MP-24	0	LCSET-22647	37686872	3532946639_Illumina_P5-Kenaw_P7-Liyik	0.352234	9097239	2329114	27415306	0	8130501	2029986	2587057	null	null	null	null	null	null	null	null	null	null	0	null	null	0	0	172804107	null	302.20818	101	86	278	2	0	0	0	0	0	0	0	0	null	0	null	FR	RP-2586_MP-24	0.000359	0.010803	null	0	0	1	0.875961	0.954943	PDO-26161	5682826885	4923896337	4834587247	49837894	0.003484	0	0.000152	0.003737	31	65548170	57417669	gs://fc-3effa716-6fbc-4071-a224-96c78e5129c7/31e9d9d6-17cd-4bf0-896a-7e936d1f4fee/quantify/4f5f9c73-a38d-4612-9670-2e8376bfb66e/call-salmon_paired_reads/cacheCopy/RP-2586_MP-24-384_left-cx_v1_RNA_OnPrem.quant.sf.gz	null	1	18052060	54830612	Mus_musculus_assembly9	2022/02/19	RP-2586	1002155813	36622942	0	165699	1504576528	238938616	0.507373	0.052562	0.121098	0.787476	66738	16843567	1654102	0.176348	0.995496	0.264758	0.042046	0.655097	0.003947	0.996053	0.038099	0.562326	0.478749	5682826885	6620365170	216510340	2720645588	SM-LO2N3	MP-24-384_left-cx	Unknown	null	0	143.88935	0.50009	0	0	0	0	65548170	0	0	0	0	0	0	0	0	0	0	0	0	0	0	0	0	0	0	0	0	0	0	0	0	0	0	0	0	0	33	67	101	135	173	215	265	329	543	12461	0
RP-2586_MP-3-384_left-cx_v2_RNA_OnPrem	0	0	gs://fc-3effa716-6fbc-4071-a224-96c78e5129c7/31e9d9d6-17cd-4bf0-896a-7e936d1f4fee/quantify/70963de5-ee38-4500-a5d9-a469960d5abf/call-salmon_paired_reads/cacheCopy/RP-2586_MP-3-384_left-cx_v2_RNA_OnPrem.aux_info.tar.gz	0	null	PAIR	gs://fc-a43638b9-02f2-484a-aac6-e4da893cc342/Minikel_MouseRNASeq_FEB22/RP-2586/RNA/MP-3-384_left-cx/v2/MP-3-384_left-cx.bai	gs://fc-a43638b9-02f2-484a-aac6-e4da893cc342/Minikel_MouseRNASeq_FEB22/RP-2586/RNA/MP-3-384_left-cx/v2/MP-3-384_left-cx.bam	RNA	0	0	0	0	0	0	0	0	0	0	0	0	0	0	0	0	0	0	0	0	0	0	0	0	0	null	0	0	0	0	0	0	0	0	0	0	0	0	0	0	0	0	0	0	0	0	0	0	0	0	0	0	0	0	0	0	0	0	0	0	0	0	0	0	0	0	0	0	0	0	MP-3	0	LCSET-22647,LCSET-22973	48089359	3532566301_Illumina_P5-Zitey_P7-Fapix	0.360631	10703100	3616179	32315822	0	14201361	3461156	4323449	30393187	3532946646_Illumina_P5-Nefob_P7-Diyen	0.29971	4375260	1352520	15994681	0	6981611	1462608	2087291	0	null	null	0	0	175815408	null	298.62756	101	98	270	1	0	0	0	0	0	0	0	0	null	0	null	FR	RP-2586_MP-3	0.00032	0.010562	null	0	0	1	0.829465	0.937779	PDO-26161	10130298455	8829857601	8682285820	90024166	0.003661	0	0.000154	0.003869	109	124214718	103031746	gs://fc-3effa716-6fbc-4071-a224-96c78e5129c7/31e9d9d6-17cd-4bf0-896a-7e936d1f4fee/quantify/70963de5-ee38-4500-a5d9-a469960d5abf/call-salmon_paired_reads/cacheCopy/RP-2586_MP-3-384_left-cx_v2_RNA_OnPrem.quant.sf.gz	null	2	32759480	96621006	Mus_musculus_assembly9	2022/02/19	RP-2586	2536132514	65803926	0	324640	2684562867	663057777	0.327256	0.213225	0.712055	0.629149	133597	29350280	3860680	0.250351	0.995091	0.265003	0.065453	0.650089	0.004531	0.995469	0.019455	0.524929	0.399738	10130298455	12545686518	197081652	4049463645	SM-LO2MQ	MP-3-384_left-cx	Unknown	null	0	164.14811	0.50007	0	0	0	0	124214718	0	0	0	0	0	0	0	0	0	0	0	0	0	0	0	0	0	0	0	0	0	0	0	0	0	0	0	0	0	37	75	113	155	197	241	289	365	705	23155	0
RP-2586_MP-4-384_left-cx_v1_RNA_OnPrem	0	0	gs://fc-3effa716-6fbc-4071-a224-96c78e5129c7/31e9d9d6-17cd-4bf0-896a-7e936d1f4fee/quantify/5e70d020-9af7-4da9-8a1a-c2d4e6b76812/call-salmon_paired_reads/cacheCopy/RP-2586_MP-4-384_left-cx_v1_RNA_OnPrem.aux_info.tar.gz	0	null	PAIR	gs://fc-a43638b9-02f2-484a-aac6-e4da893cc342/Minikel_MouseRNASeq_FEB22/RP-2586/RNA/MP-4-384_left-cx/v1/MP-4-384_left-cx.bai	gs://fc-a43638b9-02f2-484a-aac6-e4da893cc342/Minikel_MouseRNASeq_FEB22/RP-2586/RNA/MP-4-384_left-cx/v1/MP-4-384_left-cx.bam	RNA	0	0	0	0	0	0	0	0	0	0	0	0	0	0	0	0	0	0	0	0	0	0	0	0	0	null	0	0	0	0	0	0	0	0	0	0	0	0	0	0	0	0	0	0	0	0	0	0	0	0	0	0	0	0	0	0	0	0	0	0	0	0	0	0	0	0	0	0	0	0	MP-4	0	LCSET-22647	58901458	3532946559_Illumina_P5-Zehil_P7-Hefel	0.313368	9014335	2686923	32271104	0	15623647	3601147	4481403	null	null	null	null	null	null	null	null	null	null	0	null	null	0	0	157339818	null	282.78038	101	92	251	1	0	0	0	0	0	0	0	0	null	0	null	FR	RP-2586_MP-4	0.000583	0.010509	null	0	0	1	0.815426	0.935074	PDO-26161	6761777246	5979700250	5875015179	61184471	0.003598	0	0.000154	0.003851	57	84647258	69023611	gs://fc-3effa716-6fbc-4071-a224-96c78e5129c7/31e9d9d6-17cd-4bf0-896a-7e936d1f4fee/quantify/5e70d020-9af7-4da9-8a1a-c2d4e6b76812/call-salmon_paired_reads/cacheCopy/RP-2586_MP-4-384_left-cx_v1_RNA_OnPrem.quant.sf.gz	null	1	22940516	64542208	Mus_musculus_assembly9	2022/02/19	RP-2586	1848542430	46087616	0	223750	1629730243	418657427	0.294529	0.211465	0.758175	0.633746	93200	20564640	2684197	0.273381	0.995169	0.241021	0.061915	0.679775	0.004512	0.995488	0.017289	0.53764	0.406394	6761777246	8549373058	116901610	2747945536	SM-LO2MR	MP-4-384_left-cx	Unknown	null	0	157.35888	0.49976	0	0	0	0	84647258	0	0	0	0	0	0	0	0	0	0	0	0	0	0	0	0	0	0	0	0	0	0	0	0	0	0	0	0	0	37	71	109	145	185	223	267	351	695	23007	0
RP-2586_MP-5-384_left-cx_v1_RNA_OnPrem	0	0	gs://fc-3effa716-6fbc-4071-a224-96c78e5129c7/31e9d9d6-17cd-4bf0-896a-7e936d1f4fee/quantify/3e09ec23-a920-4959-ac84-5a0db2ed4219/call-salmon_paired_reads/RP-2586_MP-5-384_left-cx_v1_RNA_OnPrem.aux_info.tar.gz	0	null	PAIR	gs://fc-a43638b9-02f2-484a-aac6-e4da893cc342/Minikel_MouseRNASeq_FEB22/RP-2586/RNA/MP-5-384_left-cx/v1/MP-5-384_left-cx.bai	gs://fc-a43638b9-02f2-484a-aac6-e4da893cc342/Minikel_MouseRNASeq_FEB22/RP-2586/RNA/MP-5-384_left-cx/v1/MP-5-384_left-cx.bam	RNA	0	0	0	0	0	0	0	0	0	0	0	0	0	0	0	0	0	0	0	0	0	0	0	0	0	null	0	0	0	0	0	0	0	0	0	0	0	0	0	0	0	0	0	0	0	0	0	0	0	0	0	0	0	0	0	0	0	0	0	0	0	0	0	0	0	0	0	0	0	0	MP-5	0	LCSET-22647	37506155	3532946567_Illumina_P5-Yalor_P7-Doyez	0.405765	12601935	3434389	33104269	0	13851377	3376428	4227119	null	null	null	null	null	null	null	null	null	null	0	null	null	0	0	176363768	null	300.56233	101	94	273	1	0	0	0	0	0	0	0	0	null	0	null	FR	RP-2586_MP-5	0.000597	0.010207	null	0	0	1	0.835664	0.939986	PDO-26161	6932696483	5863242279	5759845990	59752873	0.003585	0	0.000147	0.00378	41	84287034	70435657	gs://fc-3effa716-6fbc-4071-a224-96c78e5129c7/31e9d9d6-17cd-4bf0-896a-7e936d1f4fee/quantify/3e09ec23-a920-4959-ac84-5a0db2ed4219/call-salmon_paired_reads/RP-2586_MP-5-384_left-cx_v1_RNA_OnPrem.quant.sf.gz	null	1	20215015	66208538	Mus_musculus_assembly9	2022/02/19	RP-2586	1636027003	42303741	0	213707	2184043555	348485342	0.309183	0.201052	0.658239	0.636601	88759	18858521	2474314	0.235987	0.994974	0.315035	0.050267	0.611125	0.004685	0.995315	0.023573	0.49768	0.375138	6932696483	8512990434	163421053	2600719530	SM-LO2MS	MP-5-384_left-cx	Unknown	null	0	158.15588	0.50012	0	0	0	0	84287034	0	0	0	0	0	0	0	0	0	0	0	0	0	0	0	0	0	0	0	0	0	0	0	0	0	0	0	0	0	37	73	109	147	189	233	283	357	683	23065	0
RP-2586_MP-6-384_left-cx_v1_RNA_OnPrem	0	0	gs://fc-3effa716-6fbc-4071-a224-96c78e5129c7/31e9d9d6-17cd-4bf0-896a-7e936d1f4fee/quantify/01043c44-0c4b-48f2-958c-0d8ba933a7d5/call-salmon_paired_reads/cacheCopy/RP-2586_MP-6-384_left-cx_v1_RNA_OnPrem.aux_info.tar.gz	0	null	PAIR	gs://fc-a43638b9-02f2-484a-aac6-e4da893cc342/Minikel_MouseRNASeq_FEB22/RP-2586/RNA/MP-6-384_left-cx/v1/MP-6-384_left-cx.bai	gs://fc-a43638b9-02f2-484a-aac6-e4da893cc342/Minikel_MouseRNASeq_FEB22/RP-2586/RNA/MP-6-384_left-cx/v1/MP-6-384_left-cx.bam	RNA	0	0	0	0	0	0	0	0	0	0	0	0	0	0	0	0	0	0	0	0	0	0	0	0	0	null	0	0	0	0	0	0	0	0	0	0	0	0	0	0	0	0	0	0	0	0	0	0	0	0	0	0	0	0	0	0	0	0	0	0	0	0	0	0	0	0	0	0	0	0	MP-6	0	LCSET-22647	38977363	3532946575_Illumina_P5-Zitey_P7-Fapix	0.368485	10550323	2322429	30714558	0	12711047	2896480	3694713	null	null	null	null	null	null	null	null	null	null	0	null	null	0	0	157745751	null	278.45458	101	87	248	1	0	0	0	0	0	0	0	0	null	0	null	FR	RP-2586_MP-6	0.000375	0.010522	null	0	0	1	0.836692	0.943266	PDO-26161	6400024055	5402092161	5307835919	55143358	0.003536	0	0.000147	0.003736	67	77834876	65123829	gs://fc-3effa716-6fbc-4071-a224-96c78e5129c7/31e9d9d6-17cd-4bf0-896a-7e936d1f4fee/quantify/01043c44-0c4b-48f2-958c-0d8ba933a7d5/call-salmon_paired_reads/cacheCopy/RP-2586_MP-6-384_left-cx_v1_RNA_OnPrem.quant.sf.gz	null	1	19872638	61429116	Mus_musculus_assembly9	2022/02/19	RP-2586	1513746115	38649636	0	203516	2003334822	353425984	0.314028	0.225794	0.832071	0.640867	85651	17313440	2162402	0.236522	0.994762	0.31302	0.055223	0.603961	0.004923	0.995077	0.027796	0.491694	0.36744	6400024055	7861322476	177895338	2351621796	SM-LO2MT	MP-6-384_left-cx	Unknown	null	0	149.07566	0.50001	0	0	0	0	77834876	0	0	0	0	0	0	0	0	0	0	0	0	0	0	0	0	0	0	0	0	0	0	0	0	0	0	0	0	0	35	69	103	139	175	213	255	333	639	20215	0
RP-2586_MP-7-384_left-cx_v1_RNA_OnPrem	0	0	gs://fc-3effa716-6fbc-4071-a224-96c78e5129c7/31e9d9d6-17cd-4bf0-896a-7e936d1f4fee/quantify/d360ed70-a09c-490d-ae76-4d0f2240f0ce/call-salmon_paired_reads/RP-2586_MP-7-384_left-cx_v1_RNA_OnPrem.aux_info.tar.gz	0	null	PAIR	gs://fc-a43638b9-02f2-484a-aac6-e4da893cc342/Minikel_MouseRNASeq_FEB22/RP-2586/RNA/MP-7-384_left-cx/v1/MP-7-384_left-cx.bai	gs://fc-a43638b9-02f2-484a-aac6-e4da893cc342/Minikel_MouseRNASeq_FEB22/RP-2586/RNA/MP-7-384_left-cx/v1/MP-7-384_left-cx.bam	RNA	0	0	0	0	0	0	0	0	0	0	0	0	0	0	0	0	0	0	0	0	0	0	0	0	0	null	0	0	0	0	0	0	0	0	0	0	0	0	0	0	0	0	0	0	0	0	0	0	0	0	0	0	0	0	0	0	0	0	0	0	0	0	0	0	0	0	0	0	0	0	MP-7	0	LCSET-22647	31918021	3532946576_Illumina_P5-Hojor_P7-Jocef	0.400997	10658125	2685141	28246601	0	11483365	2761555	3551643	null	null	null	null	null	null	null	null	null	null	0	null	null	0	0	159584927	null	309.22767	101	96	282	1	0	0	0	0	0	0	0	0	null	0	null	FR	RP-2586_MP-7	0.000669	0.010188	null	0	0	1	0.839457	0.94085	PDO-26161	5917596720	4977739265	4892499308	50664117	0.003493	0	0.000146	0.003668	41	71528210	60044845	gs://fc-3effa716-6fbc-4071-a224-96c78e5129c7/31e9d9d6-17cd-4bf0-896a-7e936d1f4fee/quantify/d360ed70-a09c-490d-ae76-4d0f2240f0ce/call-salmon_paired_reads/RP-2586_MP-7-384_left-cx_v1_RNA_OnPrem.quant.sf.gz	null	1	17338008	56493202	Mus_musculus_assembly9	2022/02/19	RP-2586	1357104778	35054500	0	182644	1936926321	306973487	0.333843	0.196547	0.655732	0.628104	75390	15600950	2068052	0.229334	0.994817	0.327316	0.051875	0.593466	0.004809	0.995191	0.027343	0.486118	0.364132	5917596720	7224349210	161807316	2154784818	SM-LO2MU	MP-7-384_left-cx	Unknown	null	0	161.4644	0.50008	0	0	0	0	71528210	0	0	0	0	0	0	0	0	0	0	0	0	0	0	0	0	0	0	0	0	0	0	0	0	0	0	0	0	0	37	75	111	151	193	241	293	369	699	24417	0
RP-2586_MP-8-384_left-cx_v1_RNA_OnPrem	0	0	gs://fc-3effa716-6fbc-4071-a224-96c78e5129c7/31e9d9d6-17cd-4bf0-896a-7e936d1f4fee/quantify/9a9533ec-7de5-45bc-bfc3-f587297fc9b0/call-salmon_paired_reads/RP-2586_MP-8-384_left-cx_v1_RNA_OnPrem.aux_info.tar.gz	0	null	PAIR	gs://fc-a43638b9-02f2-484a-aac6-e4da893cc342/Minikel_MouseRNASeq_FEB22/RP-2586/RNA/MP-8-384_left-cx/v1/MP-8-384_left-cx.bai	gs://fc-a43638b9-02f2-484a-aac6-e4da893cc342/Minikel_MouseRNASeq_FEB22/RP-2586/RNA/MP-8-384_left-cx/v1/MP-8-384_left-cx.bam	RNA	0	0	0	0	0	0	0	0	0	0	0	0	0	0	0	0	0	0	0	0	0	0	0	0	0	null	0	0	0	0	0	0	0	0	0	0	0	0	0	0	0	0	0	0	0	0	0	0	0	0	0	0	0	0	0	0	0	0	0	0	0	0	0	0	0	0	0	0	0	0	MP-8	0	LCSET-22647	41440695	3532946583_Illumina_P5-Xecox_P7-Fofiz	0.349465	8893714	2564545	27786830	0	12490798	2946774	3757668	null	null	null	null	null	null	null	null	null	null	0	null	null	0	0	158492732	null	298.05889	101	94	267	1	0	0	0	0	0	0	0	0	null	0	null	FR	RP-2586_MP-8	0.000771	0.010626	null	0	0	1	0.826087	0.936666	PDO-26161	5827783304	5060738901	4967349938	51656063	0.003714	0	0.000155	0.003943	39	71822126	59331328	gs://fc-3effa716-6fbc-4071-a224-96c78e5129c7/31e9d9d6-17cd-4bf0-896a-7e936d1f4fee/quantify/9a9533ec-7de5-45bc-bfc3-f587297fc9b0/call-salmon_paired_reads/RP-2586_MP-8-384_left-cx_v1_RNA_OnPrem.quant.sf.gz	null	1	18632683	55573660	Mus_musculus_assembly9	2022/02/19	RP-2586	1470811357	38113863	0	184847	1581723271	300804222	0.299482	0.215174	0.83283	0.627789	76246	16994531	2229579	0.252379	0.995174	0.271411	0.051616	0.654831	0.004466	0.995534	0.022142	0.526082	0.402452	5827783304	7254034726	129041049	2345403405	SM-LO2MV	MP-8-384_left-cx	Unknown	null	0	160.57801	0.50009	0	0	0	0	71822126	0	0	0	0	0	0	0	0	0	0	0	0	0	0	0	0	0	0	0	0	0	0	0	0	0	0	0	0	0	37	73	111	149	189	233	281	367	713	24333	0
